1,Todd,Burns,tburns0@weebly.com,Male,44.94.198.168
2,Richard,Jacobs,rjacobs1@yale.edu,Male,5.3.255.17
3,Sharon,Hawkins,shawkins2@woothemes.com,Female,66.178.149.86
4,Patricia,Boyd,pboyd3@un.org,Female,249.0.134.92
5,Amanda,Lewis,alewis4@sun.com,Female,82.195.64.179
6,Jose,Austin,jaustin5@sciencedirect.com,Male,228.127.62.210
7,Phyllis,Montgomery,pmontgomery6@wp.com,Female,213.118.34.103
8,Robert,Warren,rwarren7@google.it,Male,33.26.247.29
9,Sara,Long,slong8@oaic.gov.au,Female,140.76.227.187
10,Joyce,Carter,jcarter9@answers.com,Female,132.71.36.25
11,Joe,Myers,jmyersa@paypal.com,Male,66.202.133.120
12,Justin,Fox,jfoxb@comsenz.com,Male,25.190.238.156
13,Lois,Hernandez,lhernandezc@sbwire.com,Female,22.225.77.40
14,Janice,Adams,jadamsd@deviantart.com,Female,175.46.12.148
15,Jessica,Perry,jperrye@linkedin.com,Female,215.193.47.69
16,Antonio,Thomas,athomasf@friendfeed.com,Male,224.238.166.166
17,Rose,Harrison,rharrisong@acquirethisname.com,Female,101.12.74.243
18,Gloria,Harrison,gharrisonh@jalbum.net,Female,95.201.16.160
19,Beverly,Howell,bhowelli@quantcast.com,Female,169.6.160.187
20,Steven,Ortiz,sortizj@google.com,Male,231.183.185.145
21,Norma,Patterson,npattersonk@sun.com,Female,219.124.98.138
22,Margaret,Larson,mlarsonl@slashdot.org,Female,243.59.182.230
23,Christina,Black,cblackm@elpais.com,Female,209.244.115.126
24,Frank,Sanders,fsandersn@mac.com,Male,138.72.49.100
25,David,Hicks,dhickso@surveymonkey.com,Male,86.131.153.73
26,Doris,Peterson,dpetersonp@economist.com,Female,148.193.109.157
27,Stephanie,Bryant,sbryantq@clickbank.net,Female,138.87.43.10
28,Shawn,Allen,sallenr@goodreads.com,Male,72.245.81.71
29,Judith,Campbell,jcampbells@google.pl,Female,179.183.79.49
30,Harold,Fernandez,hfernandezt@europa.eu,Male,27.179.14.80
31,Irene,Reynolds,ireynoldsu@netvibes.com,Female,214.107.161.174
32,Diane,Oliver,doliverv@odnoklassniki.ru,Female,217.208.160.210
33,Gary,Flores,gfloresw@parallels.com,Male,164.217.82.109
34,Norma,Stone,nstonex@dailymotion.com,Female,93.106.175.89
35,Barbara,Hansen,bhanseny@jalbum.net,Female,87.130.136.198
36,Richard,Perez,rperezz@mapy.cz,Male,129.133.249.148
37,Michelle,Robertson,mrobertson10@biblegateway.com,Female,219.73.50.124
38,Eric,Bailey,ebailey11@yahoo.co.jp,Male,4.52.238.198
39,Mildred,Austin,maustin12@gravatar.com,Female,94.117.158.12
40,Willie,Martinez,wmartinez13@google.co.jp,Male,192.196.7.185
41,Donna,Barnes,dbarnes14@imdb.com,Female,100.80.22.106
42,Rachel,Graham,rgraham15@rakuten.co.jp,Female,98.3.38.76
43,Lois,Crawford,lcrawford16@chicagotribune.com,Female,210.179.92.239
44,Ryan,Stevens,rstevens17@flickr.com,Male,233.51.114.86
45,Norma,Peterson,npeterson18@netlog.com,Female,153.178.64.135
46,Samuel,Gordon,sgordon19@rambler.ru,Male,154.24.146.210
47,Angela,Oliver,aoliver1a@arstechnica.com,Female,249.131.141.156
48,Thomas,Gray,tgray1b@fema.gov,Male,212.136.236.41
49,Ralph,Elliott,relliott1c@sbwire.com,Male,177.86.72.68
50,Mary,Gibson,mgibson1d@comsenz.com,Female,61.54.156.67
51,Raymond,Rodriguez,rrodriguez1e@weebly.com,Male,201.96.220.25
52,Willie,Morgan,wmorgan1f@youtu.be,Male,67.36.175.84
53,Lillian,Gray,lgray1g@ca.gov,Female,185.131.97.122
54,Ryan,Cook,rcook1h@liveinternet.ru,Male,159.62.119.119
55,Linda,Kelley,lkelley1i@unblog.fr,Female,163.115.123.233
56,Jane,Vasquez,jvasquez1j@flavors.me,Female,180.152.20.181
57,Nicole,Castillo,ncastillo1k@cbslocal.com,Female,157.12.41.8
58,Cheryl,Sanders,csanders1l@chron.com,Female,120.230.240.114
59,Angela,Fernandez,afernandez1m@google.co.uk,Female,189.6.53.24
60,Martha,Elliott,melliott1n@hhs.gov,Female,174.8.128.195
61,James,Bennett,jbennett1o@miitbeian.gov.cn,Male,91.159.152.210
62,Jesse,Taylor,jtaylor1p@nps.gov,Male,103.9.185.104
63,Carol,Fisher,cfisher1q@eventbrite.com,Female,249.186.82.222
64,Adam,Cook,acook1r@google.pl,Male,33.127.70.204
65,Jennifer,Jacobs,jjacobs1s@opensource.org,Female,44.140.224.237
66,Mary,Hamilton,mhamilton1t@twitpic.com,Female,245.27.255.17
67,Benjamin,Mills,bmills1u@imageshack.us,Male,108.61.105.108
68,Frances,Palmer,fpalmer1v@newyorker.com,Female,214.118.248.208
69,Amy,Gutierrez,agutierrez1w@mediafire.com,Female,211.17.121.86
70,Jimmy,Andrews,jandrews1x@tinyurl.com,Male,6.55.56.144
71,Kelly,Meyer,kmeyer1y@google.de,Female,8.159.168.179
72,Gary,Perry,gperry1z@unesco.org,Male,25.159.206.44
73,Jack,Parker,jparker20@jimdo.com,Male,93.73.236.237
74,Kathy,Carr,kcarr21@reverbnation.com,Female,93.242.79.137
75,Fred,Lane,flane22@hhs.gov,Male,182.73.5.114
76,Nicole,Henderson,nhenderson23@google.fr,Female,227.230.8.201
77,Beverly,Allen,ballen24@usda.gov,Female,192.204.27.195
78,Howard,Anderson,handerson25@tamu.edu,Male,130.139.126.107
79,Anthony,Andrews,aandrews26@bbc.co.uk,Male,20.183.127.8
80,Alice,Simpson,asimpson27@example.com,Female,229.179.249.106
81,Sara,Walker,swalker28@ucoz.ru,Female,153.250.241.48
82,Eric,Willis,ewillis29@examiner.com,Male,120.218.184.222
83,Frances,Anderson,fanderson2a@cdbaby.com,Female,181.123.4.31
84,Robert,Larson,rlarson2b@statcounter.com,Male,173.91.224.91
85,Dorothy,Bryant,dbryant2c@wikispaces.com,Female,127.32.5.79
86,David,Washington,dwashington2d@ow.ly,Male,106.26.71.167
87,Michael,Sanders,msanders2e@cnet.com,Male,242.22.182.243
88,Russell,Bennett,rbennett2f@desdev.cn,Male,242.133.172.108
89,Martin,Carroll,mcarroll2g@epa.gov,Male,158.214.32.76
90,Susan,Campbell,scampbell2h@whitehouse.gov,Female,200.181.185.14
91,Jeremy,Parker,jparker2i@netlog.com,Male,217.126.109.130
92,John,Hernandez,jhernandez2j@virginia.edu,Male,179.77.153.198
93,Diana,Martinez,dmartinez2k@youtube.com,Female,154.9.90.81
94,Paul,Gray,pgray2l@dailymotion.com,Male,41.32.21.41
95,Linda,Woods,lwoods2m@paginegialle.it,Female,213.229.201.78
96,Willie,Matthews,wmatthews2n@time.com,Male,210.222.17.80
97,Lori,Wood,lwood2o@google.co.jp,Female,101.186.89.218
98,Dennis,Warren,dwarren2p@who.int,Male,1.2.160.241
99,John,Mendoza,jmendoza2q@sphinn.com,Male,56.14.138.117
100,Gary,Hudson,ghudson2r@freewebs.com,Male,48.121.188.139
101,Russell,Moore,rmoore2s@mail.ru,Male,248.69.240.205
102,Tina,Frazier,tfrazier2t@mozilla.org,Female,91.72.138.19
103,Ronald,Parker,rparker2u@webs.com,Male,132.69.186.51
104,Benjamin,Ross,bross2v@ft.com,Male,4.164.138.13
105,Rose,Armstrong,rarmstrong2w@de.vu,Female,66.176.214.102
106,Cynthia,Elliott,celliott2x@slashdot.org,Female,241.187.49.16
107,Craig,Diaz,cdiaz2y@yellowbook.com,Male,28.165.212.172
108,William,Ray,wray2z@mtv.com,Male,249.119.21.147
109,Jessica,Woods,jwoods30@jiathis.com,Female,16.150.12.4
110,Diana,Andrews,dandrews31@gravatar.com,Female,42.132.17.75
111,Kathryn,Fisher,kfisher32@jugem.jp,Female,249.164.15.184
112,Anna,Long,along33@deviantart.com,Female,108.183.245.41
113,Denise,James,djames34@state.gov,Female,175.19.165.169
114,Jennifer,Boyd,jboyd35@netlog.com,Female,109.180.102.129
115,Judy,Brown,jbrown36@kickstarter.com,Female,138.31.45.144
116,Laura,Lawrence,llawrence37@ed.gov,Female,142.199.110.171
117,Deborah,Wood,dwood38@techcrunch.com,Female,35.230.172.186
118,Chris,Washington,cwashington39@ning.com,Male,79.158.88.230
119,Janet,Simmons,jsimmons3a@linkedin.com,Female,209.64.172.48
120,Phillip,Flores,pflores3b@deviantart.com,Male,4.107.135.197
121,Walter,Lynch,wlynch3c@macromedia.com,Male,237.203.37.72
122,Bruce,Stevens,bstevens3d@bing.com,Male,7.91.83.132
123,Julia,Parker,jparker3e@rediff.com,Female,154.3.241.34
124,William,Howard,whoward3f@theatlantic.com,Male,99.6.50.3
125,Marie,Schmidt,mschmidt3g@weebly.com,Female,125.220.176.139
126,Billy,West,bwest3h@mail.ru,Male,61.194.58.159
127,Shirley,Daniels,sdaniels3i@marriott.com,Female,190.5.67.105
128,Charles,Phillips,cphillips3j@live.com,Male,1.145.138.22
129,Randy,Wood,rwood3k@nsw.gov.au,Male,10.48.246.77
130,Sean,Wagner,swagner3l@moonfruit.com,Male,79.246.85.229
131,Albert,Hart,ahart3m@xrea.com,Male,204.1.207.109
132,Theresa,Bell,tbell3n@geocities.com,Female,54.202.32.31
133,Katherine,Fuller,kfuller3o@who.int,Female,173.82.70.0
134,Carlos,Wallace,cwallace3p@cornell.edu,Male,88.141.78.81
135,Jimmy,Watkins,jwatkins3q@edublogs.org,Male,139.164.146.98
136,Jean,Owens,jowens3r@si.edu,Female,210.212.138.182
137,Donald,Duncan,dduncan3s@ask.com,Male,238.18.25.146
138,Pamela,Woods,pwoods3t@tinypic.com,Female,107.19.146.192
139,Ernest,Burke,eburke3u@t.co,Male,204.208.22.11
140,Jeffrey,Simmons,jsimmons3v@timesonline.co.uk,Male,103.148.107.70
141,Teresa,Perez,tperez3w@quantcast.com,Female,113.250.146.10
142,Alice,Dixon,adixon3x@who.int,Female,222.22.235.33
143,Fred,Mcdonald,fmcdonald3y@alexa.com,Male,171.179.12.138
144,Shirley,Carr,scarr3z@booking.com,Female,28.240.157.178
145,Dorothy,Rivera,drivera40@nhs.uk,Female,7.107.123.223
146,Sean,Welch,swelch41@artisteer.com,Male,76.227.81.24
147,Rachel,Johnson,rjohnson42@wiley.com,Female,95.206.250.79
148,Janet,Hunt,jhunt43@state.gov,Female,153.76.74.38
149,Amy,Wheeler,awheeler44@ehow.com,Female,149.45.201.235
150,Brandon,Ferguson,bferguson45@reverbnation.com,Male,96.109.27.255
151,Wanda,Grant,wgrant46@liveinternet.ru,Female,109.128.167.36
152,Gregory,Henderson,ghenderson47@friendfeed.com,Male,45.164.87.115
153,Anna,Robertson,arobertson48@posterous.com,Female,166.151.241.238
154,Billy,Carr,bcarr49@cdc.gov,Male,9.5.165.73
155,Marie,Simpson,msimpson4a@shutterfly.com,Female,49.234.13.193
156,Raymond,Ortiz,rortiz4b@gmpg.org,Male,80.234.91.124
157,Diana,Pierce,dpierce4c@1688.com,Female,37.73.252.251
158,Irene,Holmes,iholmes4d@phoca.cz,Female,39.211.46.39
159,Matthew,Harper,mharper4e@liveinternet.ru,Male,43.25.133.102
160,Harold,Smith,hsmith4f@devhub.com,Male,120.221.66.252
161,Clarence,Brooks,cbrooks4g@dell.com,Male,26.54.45.164
162,Carlos,Ramos,cramos4h@sakura.ne.jp,Male,247.63.203.180
163,Andrea,Anderson,aanderson4i@qq.com,Female,151.100.167.13
164,Jacqueline,Willis,jwillis4j@histats.com,Female,209.235.12.164
165,Sandra,Walker,swalker4k@foxnews.com,Female,106.132.159.39
166,Bruce,Watkins,bwatkins4l@cbsnews.com,Male,183.102.246.126
167,Christine,Perry,cperry4m@hexun.com,Female,155.215.221.161
168,Henry,Burns,hburns4n@nih.gov,Male,162.20.168.234
169,Diane,Tucker,dtucker4o@w3.org,Female,9.214.199.131
170,Frances,Alexander,falexander4p@deviantart.com,Female,170.115.128.165
171,Steve,Fowler,sfowler4q@ebay.co.uk,Male,223.55.214.193
172,Anne,Howell,ahowell4r@de.vu,Female,230.126.244.166
173,Russell,Harrison,rharrison4s@usnews.com,Male,141.148.94.207
174,Robert,Payne,rpayne4t@pbs.org,Male,115.124.32.236
175,Walter,Johnson,wjohnson4u@forbes.com,Male,205.147.243.69
176,Phillip,Wallace,pwallace4v@wsj.com,Male,189.212.5.187
177,Phillip,Burke,pburke4w@google.com.au,Male,97.179.25.63
178,Shawn,Cox,scox4x@fastcompany.com,Male,14.191.36.115
179,Harold,Gibson,hgibson4y@goo.gl,Male,134.151.178.58
180,Joyce,Clark,jclark4z@last.fm,Female,147.23.254.139
181,Ashley,Washington,awashington50@ft.com,Female,25.143.70.60
182,Robin,Campbell,rcampbell51@t-online.de,Female,156.145.158.110
183,Andrea,Barnes,abarnes52@tinyurl.com,Female,161.117.26.38
184,Steve,Stone,sstone53@facebook.com,Male,222.74.187.192
185,Brian,Howell,bhowell54@hp.com,Male,220.36.96.137
186,Laura,Sullivan,lsullivan55@utexas.edu,Female,28.46.14.17
187,Ashley,Jacobs,ajacobs56@wsj.com,Female,108.250.228.166
188,John,Scott,jscott57@admin.ch,Male,109.245.123.83
189,Susan,Burton,sburton58@webs.com,Female,106.221.238.152
190,Stephanie,Sanchez,ssanchez59@nbcnews.com,Female,22.117.47.112
191,Christina,Alexander,calexander5a@deliciousdays.com,Female,149.134.50.114
192,Sean,Cooper,scooper5b@behance.net,Male,11.251.70.186
193,Louis,Price,lprice5c@fotki.com,Male,61.191.203.21
194,Sandra,Hanson,shanson5d@latimes.com,Female,83.31.75.71
195,Betty,Kim,bkim5e@buzzfeed.com,Female,246.84.147.37
196,Melissa,Freeman,mfreeman5f@list-manage.com,Female,240.10.8.193
197,Julia,Rogers,jrogers5g@scientificamerican.com,Female,226.163.41.179
198,Harry,George,hgeorge5h@tiny.cc,Male,15.121.163.246
199,Pamela,Andrews,pandrews5i@blogger.com,Female,161.234.21.36
200,Amanda,Johnston,ajohnston5j@google.it,Female,70.20.208.144
201,Jimmy,Frazier,jfrazier5k@statcounter.com,Male,131.155.155.18
202,Diane,Davis,ddavis5l@stanford.edu,Female,6.217.209.95
203,Susan,Gardner,sgardner5m@topsy.com,Female,173.82.242.188
204,Jose,Powell,jpowell5n@abc.net.au,Male,17.162.237.101
205,Ruby,Brooks,rbrooks5o@umn.edu,Female,47.31.16.9
206,Joseph,Garcia,jgarcia5p@delicious.com,Male,251.7.183.24
207,Diana,Rice,drice5q@e-recht24.de,Female,14.171.45.246
208,Janet,Little,jlittle5r@cisco.com,Female,232.218.84.135
209,Patrick,Woods,pwoods5s@rediff.com,Male,61.68.15.208
210,Fred,Sims,fsims5t@flickr.com,Male,97.181.44.143
211,Nicole,Hill,nhill5u@tumblr.com,Female,225.188.208.48
212,Joan,Castillo,jcastillo5v@vistaprint.com,Female,160.218.95.210
213,Randy,Clark,rclark5w@ning.com,Male,42.187.200.248
214,Louise,Wood,lwood5x@dion.ne.jp,Female,211.174.243.152
215,Ernest,Fuller,efuller5y@cnet.com,Male,69.39.195.165
216,Lois,Turner,lturner5z@friendfeed.com,Female,89.166.192.54
217,Walter,Allen,wallen60@webmd.com,Male,170.224.209.246
218,Sharon,Andrews,sandrews61@nydailynews.com,Female,68.145.134.202
219,Bonnie,Green,bgreen62@msn.com,Female,124.186.159.204
220,Jennifer,Cook,jcook63@craigslist.org,Female,248.1.56.116
221,Jane,Weaver,jweaver64@ft.com,Female,175.112.219.61
222,Nicholas,Chapman,nchapman65@jugem.jp,Male,45.196.131.55
223,Gerald,Stone,gstone66@ucla.edu,Male,190.93.79.169
224,Joseph,Perkins,jperkins67@cbc.ca,Male,116.172.43.223
225,Donna,Greene,dgreene68@cloudflare.com,Female,50.217.232.4
226,Amy,Stanley,astanley69@bloglines.com,Female,212.254.197.12
227,Joshua,Bradley,jbradley6a@sakura.ne.jp,Male,5.92.124.4
228,Louis,Scott,lscott6b@yolasite.com,Male,154.203.181.110
229,Billy,Reid,breid6c@friendfeed.com,Male,215.0.220.105
230,Virginia,Owens,vowens6d@example.com,Female,3.143.136.189
231,Jesse,Ferguson,jferguson6e@usgs.gov,Male,116.187.53.255
232,Todd,Knight,tknight6f@a8.net,Male,78.169.147.22
233,Julia,Gomez,jgomez6g@webeden.co.uk,Female,9.253.125.100
234,Steve,Gomez,sgomez6h@nps.gov,Male,124.181.140.235
235,Patrick,Burke,pburke6i@state.tx.us,Male,58.13.195.130
236,Brenda,Harris,bharris6j@networkadvertising.org,Female,135.199.10.8
237,Louis,Wagner,lwagner6k@deliciousdays.com,Male,188.28.87.130
238,Anthony,Coleman,acoleman6l@wix.com,Male,210.41.131.212
239,Doris,Carter,dcarter6m@ezinearticles.com,Female,208.53.232.243
240,Susan,Dunn,sdunn6n@booking.com,Female,191.239.61.5
241,Nicholas,Torres,ntorres6o@reverbnation.com,Male,31.240.161.157
242,Gloria,Hansen,ghansen6p@yellowpages.com,Female,113.245.165.156
243,Linda,Morales,lmorales6q@usa.gov,Female,149.175.227.222
244,Larry,Schmidt,lschmidt6r@networksolutions.com,Male,244.214.112.43
245,Shawn,Owens,sowens6s@irs.gov,Male,51.227.255.135
246,Jason,Arnold,jarnold6t@tripadvisor.com,Male,90.185.213.187
247,Patrick,Hansen,phansen6u@eepurl.com,Male,180.136.95.53
248,Rose,Fuller,rfuller6v@arizona.edu,Female,229.39.90.150
249,Heather,Rice,hrice6w@lulu.com,Female,107.89.25.227
250,Sara,Russell,srussell6x@livejournal.com,Female,35.255.87.30
251,Phyllis,Hunter,phunter6y@spotify.com,Female,225.255.32.8
252,Diana,Fisher,dfisher6z@1und1.de,Female,234.156.215.210
253,Christina,Campbell,ccampbell70@furl.net,Female,185.147.5.194
254,Ronald,Kennedy,rkennedy71@acquirethisname.com,Male,14.150.202.169
255,Steve,Elliott,selliott72@freewebs.com,Male,236.30.238.194
256,Jane,Lynch,jlynch73@themeforest.net,Female,255.198.105.255
257,Martin,Morris,mmorris74@japanpost.jp,Male,133.197.204.116
258,Jennifer,Knight,jknight75@msu.edu,Female,63.48.38.186
259,Benjamin,Baker,bbaker76@salon.com,Male,120.2.39.255
260,John,Ross,jross77@technorati.com,Male,146.135.221.164
261,Sarah,Nguyen,snguyen78@forbes.com,Female,81.49.42.211
262,Walter,Kelly,wkelly79@yandex.ru,Male,41.206.15.225
263,Kimberly,Carr,kcarr7a@hubpages.com,Female,208.183.114.221
264,Adam,Elliott,aelliott7b@engadget.com,Male,208.96.103.106
265,Raymond,Olson,rolson7c@archive.org,Male,113.15.53.17
266,Joan,Foster,jfoster7d@admin.ch,Female,37.157.203.194
267,Matthew,Perkins,mperkins7e@goo.gl,Male,187.13.215.27
268,Rose,Nichols,rnichols7f@pbs.org,Female,232.229.44.8
269,Lisa,Alvarez,lalvarez7g@npr.org,Female,139.105.54.154
270,Bobby,Patterson,bpatterson7h@nsw.gov.au,Male,85.76.190.119
271,Gloria,Duncan,gduncan7i@squidoo.com,Female,115.91.46.153
272,Robert,Mitchell,rmitchell7j@tamu.edu,Male,107.49.137.225
273,Gregory,Wells,gwells7k@theatlantic.com,Male,213.99.238.216
274,Anthony,Long,along7l@goo.gl,Male,159.85.128.173
275,Phyllis,Knight,pknight7m@ameblo.jp,Female,126.70.132.16
276,Mildred,King,mking7n@blogger.com,Female,61.33.229.54
277,Marie,Edwards,medwards7o@barnesandnoble.com,Female,152.36.183.73
278,Elizabeth,Harvey,eharvey7p@ucla.edu,Female,105.92.142.176
279,James,Gutierrez,jgutierrez7q@hostgator.com,Male,184.36.243.251
280,Juan,Palmer,jpalmer7r@yellowbook.com,Male,194.65.87.127
281,Roger,Stevens,rstevens7s@1688.com,Male,175.1.231.15
282,Albert,Spencer,aspencer7t@slashdot.org,Male,196.19.88.225
283,Bobby,Rice,brice7u@cmu.edu,Male,144.25.49.89
284,Judy,Burns,jburns7v@linkedin.com,Female,55.139.58.183
285,Angela,Webb,awebb7w@chron.com,Female,126.68.123.205
286,Mark,Robertson,mrobertson7x@cbc.ca,Male,117.214.29.237
287,Clarence,Bradley,cbradley7y@a8.net,Male,174.7.176.149
288,Dorothy,Pierce,dpierce7z@cbslocal.com,Female,160.254.142.131
289,Johnny,Rodriguez,jrodriguez80@4shared.com,Male,119.118.113.4
290,Gary,Watkins,gwatkins81@blogger.com,Male,8.182.224.121
291,Albert,Richards,arichards82@youku.com,Male,159.22.211.241
292,George,Alexander,galexander83@slideshare.net,Male,199.172.184.250
293,Charles,Reynolds,creynolds84@people.com.cn,Male,228.113.41.186
294,Laura,Alexander,lalexander85@noaa.gov,Female,69.191.156.1
295,Daniel,Sullivan,dsullivan86@phpbb.com,Male,12.179.193.40
296,Carl,Ryan,cryan87@umn.edu,Male,176.144.255.86
297,Billy,Little,blittle88@japanpost.jp,Male,126.111.219.187
298,Julie,Oliver,joliver89@adobe.com,Female,130.182.234.48
299,Gerald,Mccoy,gmccoy8a@sbwire.com,Male,177.103.64.51
300,Rachel,Flores,rflores8b@marketwatch.com,Female,228.18.24.61
301,Ernest,Mills,emills8c@google.it,Male,210.195.217.49
302,Craig,Fowler,cfowler8d@hexun.com,Male,100.181.220.226
303,Patrick,Rivera,privera8e@patch.com,Male,53.209.102.116
304,Martha,Lane,mlane8f@google.com.au,Female,169.48.108.219
305,Kenneth,Elliott,kelliott8g@aol.com,Male,23.243.27.103
306,Lawrence,Ray,lray8h@sun.com,Male,69.148.183.81
307,Martha,Fowler,mfowler8i@macromedia.com,Female,50.215.46.127
308,Betty,Arnold,barnold8j@yandex.ru,Female,10.28.36.31
309,Sara,Olson,solson8k@yolasite.com,Female,68.212.39.116
310,Diane,Carter,dcarter8l@i2i.jp,Female,23.93.6.188
311,Patrick,Frazier,pfrazier8m@nih.gov,Male,20.34.128.107
312,Maria,Jordan,mjordan8n@chronoengine.com,Female,21.69.120.80
313,Jimmy,Mendoza,jmendoza8o@globo.com,Male,59.69.208.104
314,George,Thompson,gthompson8p@fc2.com,Male,85.28.4.75
315,Laura,Sims,lsims8q@google.ru,Female,169.205.171.251
316,Christopher,Carter,ccarter8r@auda.org.au,Male,33.49.115.54
317,Justin,Woods,jwoods8s@wufoo.com,Male,115.195.71.52
318,Phyllis,Hicks,phicks8t@squarespace.com,Female,202.1.129.188
319,Julia,Gilbert,jgilbert8u@blinklist.com,Female,87.159.61.35
320,Mildred,Ruiz,mruiz8v@discuz.net,Female,188.88.249.165
321,Todd,Harris,tharris8w@trellian.com,Male,18.118.81.27
322,Amanda,Willis,awillis8x@oakley.com,Female,112.150.179.177
323,Shirley,Ray,sray8y@hhs.gov,Female,43.108.77.113
324,Patrick,Phillips,pphillips8z@youtube.com,Male,192.109.52.65
325,Brian,Cruz,bcruz90@senate.gov,Male,173.153.82.21
326,Jonathan,Robinson,jrobinson91@marketwatch.com,Male,53.160.89.216
327,Steven,Cunningham,scunningham92@aboutads.info,Male,113.81.72.80
328,Harold,Collins,hcollins93@comsenz.com,Male,19.9.193.76
329,Carolyn,Simpson,csimpson94@toplist.cz,Female,190.22.218.14
330,Juan,Vasquez,jvasquez95@baidu.com,Male,239.142.183.6
331,Cynthia,Mason,cmason96@usnews.com,Female,88.104.195.124
332,Heather,Griffin,hgriffin97@sun.com,Female,214.21.62.104
333,Sarah,James,sjames98@hhs.gov,Female,32.240.89.49
334,Louise,Wheeler,lwheeler99@chron.com,Female,231.92.227.188
335,Kelly,Fox,kfox9a@netscape.com,Female,180.189.240.46
336,Peter,Wallace,pwallace9b@hexun.com,Male,158.168.183.74
337,Kathy,Carroll,kcarroll9c@unesco.org,Female,68.238.209.154
338,Joshua,Elliott,jelliott9d@list-manage.com,Male,231.187.182.178
339,Paula,Stone,pstone9e@pen.io,Female,114.149.74.38
340,Stephanie,Andrews,sandrews9f@senate.gov,Female,194.103.232.202
341,Jennifer,Payne,jpayne9g@telegraph.co.uk,Female,125.89.214.69
342,Sandra,Bishop,sbishop9h@europa.eu,Female,129.203.82.180
343,Carolyn,Smith,csmith9i@netscape.com,Female,5.13.96.99
344,Joshua,Armstrong,jarmstrong9j@go.com,Male,239.14.134.203
345,Joshua,Watson,jwatson9k@hc360.com,Male,19.83.20.117
346,Ruth,Montgomery,rmontgomery9l@spotify.com,Female,150.114.43.151
347,Ashley,Murray,amurray9m@pagesperso-orange.fr,Female,20.179.173.28
348,Sara,George,sgeorge9n@nih.gov,Female,13.67.76.176
349,Beverly,Rogers,brogers9o@state.gov,Female,0.20.161.40
350,Eugene,Hudson,ehudson9p@deviantart.com,Male,208.178.41.148
351,Ann,Holmes,aholmes9q@istockphoto.com,Female,73.228.66.18
352,Eugene,Griffin,egriffin9r@comcast.net,Male,185.172.176.65
353,Bobby,Powell,bpowell9s@sun.com,Male,187.201.205.177
354,Louis,Smith,lsmith9t@indiegogo.com,Male,164.31.162.107
355,Willie,Dean,wdean9u@vk.com,Male,114.232.59.138
356,Theresa,Gibson,tgibson9v@topsy.com,Female,16.227.198.13
357,Marie,Anderson,manderson9w@artisteer.com,Female,245.160.9.175
358,Ernest,Baker,ebaker9x@thetimes.co.uk,Male,238.119.3.86
359,Bobby,Duncan,bduncan9y@dion.ne.jp,Male,48.21.59.70
360,Wayne,Ruiz,wruiz9z@illinois.edu,Male,240.121.69.89
361,Rachel,Foster,rfostera0@addtoany.com,Female,250.21.248.37
362,Jimmy,Fisher,jfishera1@engadget.com,Male,185.193.134.71
363,Antonio,Lopez,alopeza2@slate.com,Male,200.181.102.175
364,Cheryl,Howell,chowella3@zdnet.com,Female,17.8.238.167
365,Virginia,Pierce,vpiercea4@msu.edu,Female,185.226.98.48
366,Sharon,Marshall,smarshalla5@google.ru,Female,206.57.188.131
367,Ruth,Duncan,rduncana6@soundcloud.com,Female,245.99.200.29
368,Kelly,Bryant,kbryanta7@paginegialle.it,Female,242.159.7.30
369,Marie,Riley,mrileya8@ft.com,Female,219.169.73.14
370,Charles,Perez,cpereza9@g.co,Male,105.3.225.253
371,Walter,Ross,wrossaa@amazon.co.uk,Male,159.157.98.61
372,Janet,Greene,jgreeneab@fc2.com,Female,120.129.222.101
373,Lois,Schmidt,lschmidtac@youtu.be,Female,187.31.231.180
374,Antonio,Austin,aaustinad@github.com,Male,207.186.126.186
375,Matthew,Wallace,mwallaceae@goo.gl,Male,212.87.250.150
376,Maria,Scott,mscottaf@google.co.jp,Female,98.19.119.97
377,Evelyn,Gardner,egardnerag@taobao.com,Female,176.198.250.140
378,Marie,George,mgeorgeah@alexa.com,Female,62.83.214.50
379,Thomas,Moore,tmooreai@twitter.com,Male,248.16.65.225
380,Earl,Freeman,efreemanaj@time.com,Male,23.240.71.200
381,Adam,Mccoy,amccoyak@utexas.edu,Male,23.65.94.211
382,Joshua,Stewart,jstewartal@joomla.org,Male,122.134.214.147
383,Matthew,Garrett,mgarrettam@wisc.edu,Male,73.37.22.94
384,Annie,Cook,acookan@dailymotion.com,Female,211.128.73.82
385,Michelle,Spencer,mspencerao@netscape.com,Female,149.65.50.201
386,Wayne,Stevens,wstevensap@cpanel.net,Male,189.109.74.101
387,Margaret,Scott,mscottaq@uol.com.br,Female,8.64.224.203
388,Kimberly,Bradley,kbradleyar@nih.gov,Female,83.244.255.54
389,Diana,Nelson,dnelsonas@bbb.org,Female,16.226.70.88
390,Brenda,Snyder,bsnyderat@vinaora.com,Female,85.72.136.252
391,Steven,Turner,sturnerau@cbc.ca,Male,182.122.1.4
392,Walter,Arnold,warnoldav@sun.com,Male,66.190.2.176
393,Adam,Gonzales,agonzalesaw@123-reg.co.uk,Male,239.144.239.113
394,Nicole,Mcdonald,nmcdonaldax@angelfire.com,Female,229.176.195.55
395,Susan,Powell,spowellay@slashdot.org,Female,143.140.85.236
396,Diane,Williams,dwilliamsaz@webmd.com,Female,130.172.90.166
397,Christina,Richards,crichardsb0@miitbeian.gov.cn,Female,9.152.52.81
398,Doris,Alexander,dalexanderb1@xinhuanet.com,Female,85.208.148.63
399,Russell,Martin,rmartinb2@washingtonpost.com,Male,150.139.251.90
400,Jean,Elliott,jelliottb3@stanford.edu,Female,148.249.89.137
401,Christopher,Bailey,cbaileyb4@nsw.gov.au,Male,37.114.221.202
402,Mark,Mendoza,mmendozab5@auda.org.au,Male,188.191.233.71
403,Bobby,Bailey,bbaileyb6@issuu.com,Male,154.216.152.72
404,Donald,Ferguson,dfergusonb7@cargocollective.com,Male,207.105.181.48
405,Alan,Sanders,asandersb8@utexas.edu,Male,134.225.134.213
406,Gloria,Little,glittleb9@netscape.com,Female,29.66.120.193
407,Christopher,Jordan,cjordanba@biglobe.ne.jp,Male,94.203.20.218
408,Carolyn,Flores,cfloresbb@guardian.co.uk,Female,35.189.165.137
409,Catherine,Richardson,crichardsonbc@mtv.com,Female,144.171.42.170
410,Sean,Wright,swrightbd@feedburner.com,Male,103.241.188.75
411,Linda,Morris,lmorrisbe@fema.gov,Female,200.107.238.72
412,Evelyn,Hayes,ehayesbf@slate.com,Female,207.67.245.131
413,Jennifer,Martinez,jmartinezbg@bbc.co.uk,Female,163.208.82.114
414,Rebecca,Martin,rmartinbh@timesonline.co.uk,Female,86.228.71.205
415,Julie,Torres,jtorresbi@bravesites.com,Female,6.62.21.47
416,Steven,Lawson,slawsonbj@joomla.org,Male,126.68.223.23
417,Judy,Stevens,jstevensbk@facebook.com,Female,189.185.232.183
418,Sean,Morales,smoralesbl@hao123.com,Male,108.167.105.157
419,Wayne,Fuller,wfullerbm@webeden.co.uk,Male,73.71.64.90
420,Shawn,Brooks,sbrooksbn@flickr.com,Male,210.171.135.75
421,Ann,Montgomery,amontgomerybo@yahoo.com,Female,168.120.165.115
422,Rose,Campbell,rcampbellbp@w3.org,Female,8.128.20.71
423,Samuel,Ross,srossbq@drupal.org,Male,240.116.98.166
424,Chris,Roberts,crobertsbr@marriott.com,Male,211.255.194.251
425,Anne,Harris,aharrisbs@yale.edu,Female,51.241.175.67
426,Joan,Welch,jwelchbt@google.co.jp,Female,105.152.192.247
427,Albert,Dean,adeanbu@disqus.com,Male,121.103.181.76
428,Emily,Baker,ebakerbv@berkeley.edu,Female,165.55.151.92
429,Carlos,Murray,cmurraybw@omniture.com,Male,204.109.2.12
430,Janet,Johnson,jjohnsonbx@clickbank.net,Female,152.214.140.85
431,Larry,Carter,lcarterby@jiathis.com,Male,148.5.123.193
432,Brandon,Wells,bwellsbz@usa.gov,Male,165.0.75.62
433,Dorothy,Schmidt,dschmidtc0@amazon.co.jp,Female,149.240.254.71
434,Frances,Sanchez,fsanchezc1@edublogs.org,Female,101.71.22.231
435,Benjamin,Chapman,bchapmanc2@cam.ac.uk,Male,31.8.204.198
436,Juan,Gordon,jgordonc3@uol.com.br,Male,103.57.86.101
437,Lawrence,King,lkingc4@census.gov,Male,64.78.185.7
438,Dennis,Stone,dstonec5@nydailynews.com,Male,84.192.105.170
439,Keith,Bryant,kbryantc6@ifeng.com,Male,251.119.51.243
440,Walter,Watson,wwatsonc7@ihg.com,Male,199.212.72.101
441,Jack,Garza,jgarzac8@yellowpages.com,Male,15.36.246.108
442,Todd,Hunt,thuntc9@cocolog-nifty.com,Male,38.195.168.165
443,Gregory,Gardner,ggardnerca@apple.com,Male,7.39.86.62
444,Eugene,Snyder,esnydercb@infoseek.co.jp,Male,49.45.133.67
445,Diane,Simmons,dsimmonscc@google.com,Female,47.109.59.253
446,Ruth,Gordon,rgordoncd@sakura.ne.jp,Female,228.228.36.89
447,Phillip,Morris,pmorrisce@digg.com,Male,77.118.179.12
448,Matthew,Henry,mhenrycf@gravatar.com,Male,85.54.13.227
449,Virginia,Lane,vlanecg@businessweek.com,Female,72.162.41.225
450,Christopher,Fields,cfieldsch@wsj.com,Male,7.95.106.35
451,Laura,Dunn,ldunnci@360.cn,Female,15.244.103.172
452,Thomas,Dunn,tdunncj@fema.gov,Male,146.16.41.29
453,Frank,Lewis,flewisck@4shared.com,Male,253.7.39.176
454,Brenda,Flores,bflorescl@alibaba.com,Female,93.213.210.118
455,Melissa,Cooper,mcoopercm@ning.com,Female,28.201.250.98
456,Christopher,Montgomery,cmontgomerycn@hp.com,Male,189.6.231.121
457,Justin,Perez,jperezco@techcrunch.com,Male,42.165.20.20
458,Kimberly,Moore,kmoorecp@homestead.com,Female,141.18.131.97
459,Alice,Fernandez,afernandezcq@webeden.co.uk,Female,227.135.177.57
460,Sara,Long,slongcr@mtv.com,Female,37.224.192.76
461,Dennis,Allen,dallencs@nps.gov,Male,254.249.164.174
462,Craig,Johnston,cjohnstonct@kickstarter.com,Male,68.66.159.27
463,Howard,Morgan,hmorgancu@marketwatch.com,Male,254.12.146.240
464,Douglas,Gonzalez,dgonzalezcv@nhs.uk,Male,219.13.4.21
465,Cheryl,Greene,cgreenecw@dailymail.co.uk,Female,199.138.32.41
466,Martin,Chavez,mchavezcx@yolasite.com,Male,52.172.140.241
467,Lori,Frazier,lfraziercy@sohu.com,Female,34.71.96.85
468,Mark,Austin,maustincz@i2i.jp,Male,36.176.211.129
469,Howard,Green,hgreend0@nps.gov,Male,17.22.142.135
470,Mark,Meyer,mmeyerd1@feedburner.com,Male,160.146.193.94
471,Brian,Olson,bolsond2@sfgate.com,Male,74.69.68.86
472,Marie,Taylor,mtaylord3@youtu.be,Female,158.190.39.21
473,Melissa,Woods,mwoodsd4@about.me,Female,74.9.249.16
474,Karen,Berry,kberryd5@storify.com,Female,222.78.228.219
475,Carolyn,Shaw,cshawd6@xinhuanet.com,Female,173.171.229.242
476,Lois,Morris,lmorrisd7@imdb.com,Female,210.35.192.163
477,Harold,Cole,hcoled8@google.com.hk,Male,194.204.169.243
478,Ronald,Richards,rrichardsd9@slate.com,Male,167.53.21.61
479,Todd,Nguyen,tnguyenda@ehow.com,Male,104.75.109.9
480,Carlos,Lopez,clopezdb@barnesandnoble.com,Male,227.187.90.166
481,William,Washington,wwashingtondc@ox.ac.uk,Male,204.82.137.25
482,Roy,Hernandez,rhernandezdd@sun.com,Male,36.111.115.210
483,Roy,Torres,rtorresde@microsoft.com,Male,19.79.172.153
484,Bruce,Reyes,breyesdf@usnews.com,Male,70.75.110.130
485,Ryan,Kennedy,rkennedydg@goo.ne.jp,Male,30.206.44.189
486,Carolyn,Ferguson,cfergusondh@github.io,Female,242.90.62.33
487,Mary,Turner,mturnerdi@plala.or.jp,Female,123.191.212.175
488,Diana,Nichols,dnicholsdj@yale.edu,Female,97.107.233.153
489,Nicholas,Medina,nmedinadk@rakuten.co.jp,Male,102.193.151.172
490,Susan,Allen,sallendl@house.gov,Female,254.251.13.26
491,Elizabeth,Vasquez,evasquezdm@google.co.jp,Female,71.154.253.161
492,Timothy,Ellis,tellisdn@patch.com,Male,112.216.247.149
493,Amanda,Parker,aparkerdo@umich.edu,Female,109.121.215.79
494,Helen,Rogers,hrogersdp@desdev.cn,Female,25.174.213.148
495,Aaron,Rose,arosedq@bluehost.com,Male,100.155.178.3
496,Phyllis,Cunningham,pcunninghamdr@apache.org,Female,255.144.250.75
497,Ryan,Clark,rclarkds@wsj.com,Male,78.190.100.120
498,Phillip,Gutierrez,pgutierrezdt@imdb.com,Male,124.123.193.43
499,Phyllis,Mcdonald,pmcdonalddu@prlog.org,Female,70.165.213.146
500,Norma,Bryant,nbryantdv@who.int,Female,173.38.89.126
501,George,Gray,ggraydw@pbs.org,Male,215.41.207.182
502,Jesse,Patterson,jpattersondx@cdc.gov,Male,79.193.159.213
503,John,Morgan,jmorgandy@nature.com,Male,49.189.15.181
504,Willie,Carpenter,wcarpenterdz@dot.gov,Male,7.68.217.181
505,Catherine,George,cgeorgee0@sourceforge.net,Female,59.229.129.42
506,Jessica,Mason,jmasone1@si.edu,Female,139.84.231.32
507,Debra,Ellis,dellise2@diigo.com,Female,199.48.57.219
508,Justin,Lane,jlanee3@whitehouse.gov,Male,155.219.233.97
509,Steven,Edwards,sedwardse4@goodreads.com,Male,111.221.120.12
510,Irene,Kelley,ikelleye5@google.com.br,Female,153.85.62.47
511,Philip,Stevens,pstevense6@de.vu,Male,112.193.220.189
512,Mark,Tucker,mtuckere7@rakuten.co.jp,Male,141.250.22.97
513,Susan,Bishop,sbishope8@cargocollective.com,Female,62.17.229.211
514,Paula,Boyd,pboyde9@si.edu,Female,122.104.44.93
515,Robert,Bishop,rbishopea@hp.com,Male,253.131.224.26
516,Brian,Harris,bharriseb@smugmug.com,Male,129.3.200.180
517,Lawrence,Baker,lbakerec@noaa.gov,Male,153.124.229.14
518,Alan,Andrews,aandrewsed@prnewswire.com,Male,101.40.106.186
519,Gloria,Fowler,gfowleree@icq.com,Female,199.236.230.48
520,Kenneth,Gutierrez,kgutierrezef@amazon.co.uk,Male,204.111.28.133
521,Jacqueline,Lawson,jlawsoneg@ovh.net,Female,130.126.187.21
522,Evelyn,Riley,erileyeh@cdc.gov,Female,140.140.187.127
523,Chris,Burke,cburkeei@technorati.com,Male,126.92.4.23
524,Deborah,Sanchez,dsanchezej@google.com.au,Female,141.190.43.0
525,Jack,Campbell,jcampbellek@aol.com,Male,185.196.171.102
526,Clarence,Jackson,cjacksonel@hubpages.com,Male,212.139.201.154
527,Earl,Black,eblackem@netlog.com,Male,112.27.35.226
528,Betty,Larson,blarsonen@microsoft.com,Female,215.90.246.44
529,Andrew,Russell,arusselleo@theglobeandmail.com,Male,169.22.173.50
530,Clarence,Carroll,ccarrollep@youku.com,Male,161.57.20.85
531,Ruby,Hansen,rhanseneq@walmart.com,Female,251.241.28.151
532,Stephanie,Cooper,scooperer@va.gov,Female,172.131.163.97
533,Thomas,Day,tdayes@topsy.com,Male,7.27.83.31
534,Carolyn,Mitchell,cmitchellet@google.co.uk,Female,72.52.11.9
535,Steven,Vasquez,svasquezeu@smugmug.com,Male,207.251.142.61
536,Paul,Hudson,phudsonev@google.it,Male,234.78.113.132
537,Debra,Larson,dlarsonew@noaa.gov,Female,142.77.104.104
538,Thomas,Pierce,tpierceex@scribd.com,Male,251.165.154.242
539,Debra,Hawkins,dhawkinsey@auda.org.au,Female,180.16.46.89
540,Russell,Bennett,rbennettez@cpanel.net,Male,227.21.241.52
541,Helen,Wells,hwellsf0@cbslocal.com,Female,96.232.236.135
542,Nicholas,Jones,njonesf1@wikimedia.org,Male,164.233.155.174
543,Janet,Matthews,jmatthewsf2@reuters.com,Female,121.143.238.102
544,Karen,Payne,kpaynef3@usgs.gov,Female,223.167.88.141
545,Jose,Frazier,jfrazierf4@cyberchimps.com,Male,10.1.189.215
546,Ann,Reed,areedf5@skype.com,Female,134.79.43.207
547,Jason,Rogers,jrogersf6@privacy.gov.au,Male,23.58.41.135
548,Deborah,Mills,dmillsf7@wunderground.com,Female,125.203.59.2
549,Martha,Frazier,mfrazierf8@theatlantic.com,Female,127.140.115.63
550,Frances,Hansen,fhansenf9@dagondesign.com,Female,146.209.190.44
551,Gary,Price,gpricefa@trellian.com,Male,191.101.190.41
552,Marie,Long,mlongfb@barnesandnoble.com,Female,156.228.194.215
553,Steve,Russell,srussellfc@netlog.com,Male,227.199.36.187
554,Kevin,Welch,kwelchfd@nps.gov,Male,106.205.40.180
555,Craig,Bailey,cbaileyfe@bloglines.com,Male,184.24.246.208
556,Phyllis,Wallace,pwallaceff@rakuten.co.jp,Female,233.215.217.146
557,Tina,Gilbert,tgilbertfg@storify.com,Female,209.5.238.157
558,Kelly,Harvey,kharveyfh@goodreads.com,Female,217.199.22.74
559,Ernest,Anderson,eandersonfi@vimeo.com,Male,98.198.176.233
560,Jessica,Franklin,jfranklinfj@seesaa.net,Female,254.114.254.225
561,Diane,Ramirez,dramirezfk@ebay.com,Female,129.68.43.180
562,Janice,Hunt,jhuntfl@icq.com,Female,106.252.100.160
563,Ruby,Murphy,rmurphyfm@scientificamerican.com,Female,225.104.228.199
564,Lawrence,Fernandez,lfernandezfn@canalblog.com,Male,96.48.251.87
565,Kimberly,Wright,kwrightfo@homestead.com,Female,145.89.117.219
566,Craig,Weaver,cweaverfp@google.co.jp,Male,81.221.92.60
567,Kathryn,Kim,kkimfq@google.ru,Female,107.95.174.190
568,Diane,Hunter,dhunterfr@ucoz.ru,Female,188.59.202.22
569,Albert,Moore,amoorefs@abc.net.au,Male,84.65.166.193
570,Randy,Nguyen,rnguyenft@imgur.com,Male,167.207.255.89
571,Andrea,Ryan,aryanfu@mac.com,Female,246.109.57.189
572,Ruth,Gray,rgrayfv@blog.com,Female,60.243.213.14
573,Debra,Spencer,dspencerfw@businessweek.com,Female,79.178.144.35
574,Joe,Ferguson,jfergusonfx@ihg.com,Male,151.170.125.151
575,Anna,Kelley,akelleyfy@woothemes.com,Female,158.5.145.135
576,Steven,Hudson,shudsonfz@simplemachines.org,Male,243.7.184.42
577,Kathy,Griffin,kgriffing0@amazon.de,Female,93.159.57.126
578,Donna,Franklin,dfrankling1@wisc.edu,Female,206.224.3.134
579,Jason,Armstrong,jarmstrongg2@liveinternet.ru,Male,185.219.51.34
580,Nicholas,Spencer,nspencerg3@abc.net.au,Male,250.208.199.89
581,Phillip,Myers,pmyersg4@cmu.edu,Male,53.39.144.160
582,Barbara,Carter,bcarterg5@redcross.org,Female,222.230.157.59
583,Patricia,Kelley,pkelleyg6@hibu.com,Female,247.153.172.79
584,Katherine,Diaz,kdiazg7@tripod.com,Female,141.233.106.103
585,Matthew,Young,myoungg8@google.cn,Male,123.158.148.35
586,Peter,Martin,pmarting9@indiegogo.com,Male,171.171.30.56
587,Dorothy,Taylor,dtaylorga@princeton.edu,Female,125.216.241.21
588,Helen,Mills,hmillsgb@miitbeian.gov.cn,Female,106.102.100.174
589,Ronald,Walker,rwalkergc@epa.gov,Male,235.0.227.35
590,Phyllis,Patterson,ppattersongd@creativecommons.org,Female,40.121.42.183
591,Randy,Burns,rburnsge@webs.com,Male,205.53.143.195
592,Jesse,Lawrence,jlawrencegf@fema.gov,Male,204.117.44.195
593,Marie,Martinez,mmartinezgg@nih.gov,Female,19.42.163.162
594,Jimmy,Williams,jwilliamsgh@sphinn.com,Male,148.250.28.117
595,David,Cole,dcolegi@trellian.com,Male,242.187.229.68
596,Amanda,Scott,ascottgj@google.nl,Female,65.242.197.123
597,Ronald,Cole,rcolegk@cbc.ca,Male,82.36.95.91
598,Lillian,Ross,lrossgl@booking.com,Female,136.124.205.192
599,Albert,Peters,apetersgm@mtv.com,Male,71.111.133.38
600,Kathryn,Mitchell,kmitchellgn@nature.com,Female,170.240.10.183
601,Randy,Ross,rrossgo@de.vu,Male,103.41.240.215
602,Timothy,Dunn,tdunngp@instagram.com,Male,198.18.27.88
603,Mildred,Ortiz,mortizgq@ehow.com,Female,176.43.18.207
604,Daniel,Watkins,dwatkinsgr@icio.us,Male,97.19.169.0
605,Ruth,West,rwestgs@aol.com,Female,212.73.187.252
606,Henry,Flores,hfloresgt@utexas.edu,Male,4.154.233.135
607,Lori,Berry,lberrygu@free.fr,Female,124.35.239.244
608,Emily,Vasquez,evasquezgv@tripod.com,Female,163.0.121.80
609,Carolyn,Ortiz,cortizgw@icq.com,Female,239.252.216.84
610,Ashley,Nguyen,anguyengx@g.co,Female,86.50.226.205
611,Justin,Reyes,jreyesgy@usa.gov,Male,111.224.155.0
612,Billy,Welch,bwelchgz@nifty.com,Male,107.228.110.154
613,Todd,James,tjamesh0@jimdo.com,Male,192.35.40.107
614,Ronald,Murray,rmurrayh1@usgs.gov,Male,187.37.217.26
615,Kathleen,Warren,kwarrenh2@examiner.com,Female,32.171.49.12
616,Craig,Howell,chowellh3@biglobe.ne.jp,Male,60.151.59.180
617,Brenda,Gray,bgrayh4@umn.edu,Female,208.180.138.166
618,Paul,Richardson,prichardsonh5@newsvine.com,Male,74.150.19.133
619,Anna,Chapman,achapmanh6@psu.edu,Female,106.108.100.184
620,Jacqueline,Jacobs,jjacobsh7@netlog.com,Female,87.170.239.56
621,Clarence,Henry,chenryh8@narod.ru,Male,89.94.37.77
622,Christina,Stewart,cstewarth9@springer.com,Female,90.153.132.176
623,Melissa,Ryan,mryanha@plala.or.jp,Female,183.9.246.31
624,Angela,Gray,agrayhb@sitemeter.com,Female,82.205.176.249
625,Barbara,Moreno,bmorenohc@creativecommons.org,Female,210.152.167.227
626,Amanda,Coleman,acolemanhd@zimbio.com,Female,116.73.167.114
627,Timothy,Jackson,tjacksonhe@dmoz.org,Male,252.95.132.23
628,Anne,Peterson,apetersonhf@simplemachines.org,Female,171.220.31.146
629,Carol,Shaw,cshawhg@mlb.com,Female,27.86.163.187
630,Brenda,Gordon,bgordonhh@g.co,Female,135.195.191.247
631,Heather,Powell,hpowellhi@nytimes.com,Female,3.154.33.180
632,Lawrence,Bradley,lbradleyhj@live.com,Male,246.187.253.90
633,Brenda,Perry,bperryhk@merriam-webster.com,Female,45.119.226.142
634,Fred,Bowman,fbowmanhl@google.fr,Male,168.175.131.77
635,Terry,Carpenter,tcarpenterhm@discovery.com,Male,27.9.7.104
636,Joan,Green,jgreenhn@etsy.com,Female,253.2.203.82
637,Theresa,Harvey,tharveyho@prlog.org,Female,81.47.19.5
638,Fred,Scott,fscotthp@cbc.ca,Male,237.11.169.20
639,Alice,Nguyen,anguyenhq@nba.com,Female,72.232.171.217
640,Arthur,Turner,aturnerhr@yahoo.com,Male,52.159.162.16
641,Edward,Snyder,esnyderhs@ebay.com,Male,10.133.124.86
642,Stephen,Johnson,sjohnsonht@mit.edu,Male,144.98.82.104
643,Kathleen,Ellis,kellishu@naver.com,Female,1.74.248.196
644,John,Kennedy,jkennedyhv@salon.com,Male,14.41.10.61
645,Elizabeth,Rice,ericehw@nbcnews.com,Female,69.175.93.82
646,Christina,Edwards,cedwardshx@apache.org,Female,38.67.215.180
647,Daniel,Adams,dadamshy@ocn.ne.jp,Male,75.101.156.85
648,Diana,Henry,dhenryhz@unicef.org,Female,191.74.118.23
649,Gerald,Lane,glanei0@cafepress.com,Male,170.243.39.179
650,Teresa,Robertson,trobertsoni1@spotify.com,Female,217.173.1.210
651,Amanda,Fields,afieldsi2@ucoz.com,Female,254.237.46.158
652,Robert,Taylor,rtaylori3@chronoengine.com,Male,138.65.6.140
653,Justin,Weaver,jweaveri4@icq.com,Male,78.252.138.145
654,Pamela,Woods,pwoodsi5@livejournal.com,Female,247.164.96.158
655,Gloria,Stanley,gstanleyi6@sakura.ne.jp,Female,215.157.14.180
656,Brandon,Russell,brusselli7@ca.gov,Male,125.125.92.87
657,Bruce,Gray,bgrayi8@networkadvertising.org,Male,62.151.167.91
658,Paula,Hamilton,phamiltoni9@paypal.com,Female,195.123.7.186
659,Lawrence,Harrison,lharrisonia@nature.com,Male,70.174.88.112
660,Diane,Johnson,djohnsonib@digg.com,Female,176.123.53.75
661,Ann,Stanley,astanleyic@army.mil,Female,206.121.157.201
662,Steve,Alvarez,salvarezid@dion.ne.jp,Male,221.255.135.222
663,Lillian,Howell,lhowellie@qq.com,Female,248.101.190.165
664,Diane,Roberts,drobertsif@house.gov,Female,122.241.139.18
665,Jimmy,Carpenter,jcarpenterig@earthlink.net,Male,184.242.182.92
666,Michael,Henry,mhenryih@livejournal.com,Male,4.148.10.66
667,Nancy,Scott,nscottii@un.org,Female,96.197.146.11
668,Lori,Ortiz,lortizij@friendfeed.com,Female,231.7.195.46
669,Bruce,Richardson,brichardsonik@mtv.com,Male,159.14.185.209
670,Samuel,Clark,sclarkil@lycos.com,Male,206.240.236.191
671,Margaret,Gray,mgrayim@bravesites.com,Female,98.40.165.61
672,Joan,Hart,jhartin@bbb.org,Female,88.132.90.101
673,Lawrence,Harvey,lharveyio@instagram.com,Male,179.94.30.116
674,Mark,Stanley,mstanleyip@google.co.jp,Male,250.55.98.165
675,Juan,Johnson,jjohnsoniq@tuttocitta.it,Male,19.54.28.87
676,Catherine,Adams,cadamsir@flavors.me,Female,186.242.28.86
677,Juan,Russell,jrussellis@washingtonpost.com,Male,166.215.247.172
678,Margaret,Parker,mparkerit@storify.com,Female,79.205.253.148
679,Rebecca,Bowman,rbowmaniu@google.ca,Female,95.174.84.251
680,Russell,Scott,rscottiv@smh.com.au,Male,45.45.186.236
681,Dorothy,George,dgeorgeiw@vimeo.com,Female,2.195.51.133
682,Paula,Roberts,probertsix@shop-pro.jp,Female,141.27.165.237
683,Kevin,Baker,kbakeriy@amazon.com,Male,89.98.131.109
684,Annie,Coleman,acolemaniz@myspace.com,Female,98.11.87.240
685,Sharon,Rogers,srogersj0@house.gov,Female,159.10.155.149
686,Debra,Garcia,dgarciaj1@illinois.edu,Female,81.219.176.177
687,Donald,Arnold,darnoldj2@goodreads.com,Male,220.111.98.186
688,Russell,Jackson,rjacksonj3@miibeian.gov.cn,Male,27.226.4.142
689,Mark,Flores,mfloresj4@clickbank.net,Male,98.90.151.28
690,Ruby,Scott,rscottj5@vistaprint.com,Female,223.144.110.104
691,Joshua,Harris,jharrisj6@chronoengine.com,Male,50.4.30.200
692,Melissa,Duncan,mduncanj7@networkadvertising.org,Female,191.242.22.35
693,Nancy,Flores,nfloresj8@imageshack.us,Female,27.36.112.19
694,Sandra,Williams,swilliamsj9@bloglines.com,Female,117.177.127.152
695,Jesse,Jones,jjonesja@wired.com,Male,20.140.34.110
696,Doris,Matthews,dmatthewsjb@house.gov,Female,100.175.243.181
697,Joseph,Allen,jallenjc@berkeley.edu,Male,144.4.83.233
698,Carlos,Thomas,cthomasjd@deliciousdays.com,Male,171.119.195.147
699,Earl,Sanders,esandersje@cyberchimps.com,Male,29.201.209.15
700,Carl,Hamilton,chamiltonjf@themeforest.net,Male,119.160.4.167
701,Michelle,Carter,mcarterjg@tripadvisor.com,Female,177.216.172.194
702,Theresa,Porter,tporterjh@ehow.com,Female,203.75.83.223
703,Phyllis,Parker,pparkerji@taobao.com,Female,84.15.160.10
704,Shawn,Jordan,sjordanjj@studiopress.com,Male,243.147.38.97
705,Antonio,Martin,amartinjk@loc.gov,Male,123.232.132.154
706,Judith,Rice,jricejl@timesonline.co.uk,Female,110.226.36.36
707,Arthur,Morgan,amorganjm@geocities.com,Male,181.223.154.137
708,Dorothy,Freeman,dfreemanjn@phpbb.com,Female,167.43.55.97
709,Gloria,Carter,gcarterjo@businessweek.com,Female,63.56.242.148
710,Pamela,Ray,prayjp@npr.org,Female,120.145.89.121
711,Janice,Patterson,jpattersonjq@ovh.net,Female,21.199.100.2
712,Earl,Watson,ewatsonjr@tinyurl.com,Male,215.249.250.141
713,Kathy,Simpson,ksimpsonjs@storify.com,Female,34.17.234.86
714,Paul,Griffin,pgriffinjt@soup.io,Male,188.30.125.178
715,Susan,Harper,sharperju@princeton.edu,Female,193.208.202.84
716,Nicole,Howell,nhowelljv@dailymail.co.uk,Female,160.179.52.80
717,Teresa,Rodriguez,trodriguezjw@cafepress.com,Female,254.24.211.116
718,Joan,Webb,jwebbjx@dagondesign.com,Female,229.78.59.159
719,Andrea,Rice,aricejy@reddit.com,Female,141.170.222.201
720,Thomas,Butler,tbutlerjz@mtv.com,Male,118.26.251.251
721,Beverly,Hanson,bhansonk0@state.tx.us,Female,142.122.31.167
722,Frank,Coleman,fcolemank1@spiegel.de,Male,17.255.20.137
723,Cynthia,Willis,cwillisk2@fastcompany.com,Female,179.218.108.218
724,Andrea,Robertson,arobertsonk3@ted.com,Female,14.24.149.26
725,Benjamin,Gardner,bgardnerk4@blogger.com,Male,101.116.125.55
726,Ruth,Gray,rgrayk5@wunderground.com,Female,14.23.47.69
727,Robert,Bowman,rbowmank6@feedburner.com,Male,243.143.138.113
728,Christopher,Wheeler,cwheelerk7@nyu.edu,Male,253.44.25.136
729,Amy,Duncan,aduncank8@cbslocal.com,Female,19.148.14.195
730,Christina,Kennedy,ckennedyk9@uiuc.edu,Female,39.231.29.14
731,Randy,Henry,rhenryka@pinterest.com,Male,14.19.165.207
732,Shawn,Woods,swoodskb@geocities.com,Male,4.111.237.201
733,Nicholas,Rice,nricekc@weibo.com,Male,206.99.136.244
734,Paul,Collins,pcollinskd@washington.edu,Male,122.38.218.89
735,Shawn,Washington,swashingtonke@google.com.br,Male,196.115.8.6
736,Karen,Howell,khowellkf@naver.com,Female,150.162.236.126
737,Peter,Romero,promerokg@cocolog-nifty.com,Male,25.158.111.157
738,Joseph,Willis,jwilliskh@163.com,Male,136.166.241.211
739,Fred,Ward,fwardki@acquirethisname.com,Male,17.111.83.67
740,Ruby,Phillips,rphillipskj@alibaba.com,Female,181.40.21.235
741,Timothy,Willis,twilliskk@apache.org,Male,226.242.240.214
742,Diana,Carr,dcarrkl@mac.com,Female,65.97.246.198
743,Ronald,Owens,rowenskm@umich.edu,Male,129.103.159.229
744,Evelyn,Wallace,ewallacekn@51.la,Female,122.109.221.136
745,Jimmy,Lawrence,jlawrenceko@a8.net,Male,19.112.73.254
746,Thomas,Gomez,tgomezkp@blog.com,Male,32.142.21.0
747,Roger,Payne,rpaynekq@indiatimes.com,Male,232.33.115.5
748,Stephanie,Bishop,sbishopkr@altervista.org,Female,165.201.155.203
749,Jose,Garrett,jgarrettks@geocities.jp,Male,109.100.102.95
750,Denise,Kim,dkimkt@bloglovin.com,Female,245.27.152.102
751,Diane,Ray,drayku@soup.io,Female,164.131.138.9
752,Virginia,Mcdonald,vmcdonaldkv@xing.com,Female,217.74.3.51
753,Jean,Olson,jolsonkw@sakura.ne.jp,Female,230.220.54.141
754,John,Rice,jricekx@themeforest.net,Male,14.120.219.236
755,Chris,Garza,cgarzaky@etsy.com,Male,82.12.166.29
756,Diana,Fisher,dfisherkz@tripadvisor.com,Female,235.75.218.197
757,Ronald,Bennett,rbennettl0@uiuc.edu,Male,31.14.66.66
758,Alan,Morgan,amorganl1@infoseek.co.jp,Male,36.183.165.188
759,Phyllis,Fisher,pfisherl2@ted.com,Female,143.185.93.38
760,Kelly,Jackson,kjacksonl3@tinypic.com,Female,159.76.254.93
761,Linda,Henry,lhenryl4@china.com.cn,Female,207.226.123.204
762,Lori,Castillo,lcastillol5@feedburner.com,Female,141.144.217.161
763,Bobby,Gonzalez,bgonzalezl6@guardian.co.uk,Male,55.211.23.152
764,Virginia,Olson,volsonl7@alibaba.com,Female,227.93.7.207
765,Thomas,Rodriguez,trodriguezl8@imgur.com,Male,56.52.53.212
766,Christina,Diaz,cdiazl9@hhs.gov,Female,174.12.105.218
767,Nancy,Anderson,nandersonla@homestead.com,Female,249.146.247.136
768,Brenda,Murray,bmurraylb@prlog.org,Female,26.94.179.229
769,Ryan,Tucker,rtuckerlc@wunderground.com,Male,240.11.115.97
770,Philip,Howell,phowellld@ucoz.com,Male,221.124.87.194
771,Kathy,Harrison,kharrisonle@odnoklassniki.ru,Female,183.174.241.157
772,Carolyn,Johnston,cjohnstonlf@mail.ru,Female,114.55.83.194
773,Andrea,Gonzales,agonzaleslg@ucoz.com,Female,234.202.29.46
774,Christine,Wilson,cwilsonlh@twitter.com,Female,222.75.252.236
775,Karen,Woods,kwoodsli@sphinn.com,Female,35.68.72.173
776,Kenneth,Thomas,kthomaslj@admin.ch,Male,131.42.51.81
777,Bonnie,Jacobs,bjacobslk@over-blog.com,Female,65.52.125.153
778,Stephanie,Grant,sgrantll@hexun.com,Female,183.90.196.181
779,Brian,Griffin,bgriffinlm@weibo.com,Male,245.15.46.224
780,Jennifer,Reed,jreedln@hostgator.com,Female,250.115.151.228
781,Ann,Gomez,agomezlo@nydailynews.com,Female,11.96.94.148
782,Timothy,Greene,tgreenelp@sogou.com,Male,56.131.43.73
783,Doris,Parker,dparkerlq@foxnews.com,Female,189.52.222.184
784,Julia,Romero,jromerolr@moonfruit.com,Female,44.186.42.16
785,Roger,Perry,rperryls@networksolutions.com,Male,2.161.205.128
786,Alice,Moreno,amorenolt@pagesperso-orange.fr,Female,223.75.211.138
787,Kathleen,Baker,kbakerlu@addtoany.com,Female,59.114.175.38
788,Janice,Hanson,jhansonlv@w3.org,Female,72.106.105.184
789,Shawn,Perry,sperrylw@diigo.com,Male,241.43.124.122
790,Ronald,Bishop,rbishoplx@europa.eu,Male,205.9.55.43
791,Rose,Green,rgreenly@histats.com,Female,216.1.220.200
792,Karen,Andrews,kandrewslz@si.edu,Female,33.215.70.19
793,Norma,Russell,nrussellm0@tripod.com,Female,239.201.18.208
794,Kenneth,Little,klittlem1@dion.ne.jp,Male,167.92.197.250
795,Andrea,Ward,awardm2@networksolutions.com,Female,61.111.161.87
796,Bonnie,Medina,bmedinam3@deviantart.com,Female,132.249.41.231
797,Jessica,James,jjamesm4@wsj.com,Female,213.120.177.99
798,Henry,Sims,hsimsm5@samsung.com,Male,232.95.141.227
799,Anna,Gomez,agomezm6@paginegialle.it,Female,179.41.192.148
800,Frank,Fowler,ffowlerm7@wikia.com,Male,197.244.115.29
801,Rebecca,Dean,rdeanm8@diigo.com,Female,7.29.226.127
802,Ralph,Pierce,rpiercem9@ustream.tv,Male,219.98.50.79
803,William,Crawford,wcrawfordma@examiner.com,Male,145.63.157.162
804,Jean,Adams,jadamsmb@topsy.com,Female,252.210.144.224
805,Debra,Berry,dberrymc@amazon.com,Female,158.141.57.152
806,Frances,Wallace,fwallacemd@uol.com.br,Female,127.78.111.32
807,Antonio,Bell,abellme@soundcloud.com,Male,149.92.188.22
808,Joan,Jenkins,jjenkinsmf@rediff.com,Female,69.152.190.127
809,Rachel,Roberts,rrobertsmg@blogspot.com,Female,2.201.73.83
810,Katherine,Gibson,kgibsonmh@bandcamp.com,Female,111.12.91.126
811,Ronald,Crawford,rcrawfordmi@dyndns.org,Male,151.112.181.206
812,Denise,Stanley,dstanleymj@123-reg.co.uk,Female,108.103.125.151
813,Joseph,Baker,jbakermk@fotki.com,Male,44.98.23.178
814,Patrick,Matthews,pmatthewsml@bing.com,Male,209.29.57.200
815,Jason,Moore,jmooremm@imdb.com,Male,223.44.78.16
816,Melissa,Grant,mgrantmn@si.edu,Female,0.165.232.88
817,Dennis,Romero,dromeromo@google.nl,Male,40.40.233.44
818,Carlos,Carr,ccarrmp@google.co.uk,Male,27.212.71.57
819,Diana,Stone,dstonemq@arizona.edu,Female,122.207.238.116
820,Steve,Kennedy,skennedymr@trellian.com,Male,196.102.162.1
821,Doris,Adams,dadamsms@wsj.com,Female,58.122.123.236
822,Jeffrey,Scott,jscottmt@ocn.ne.jp,Male,255.178.154.250
823,Frances,Peters,fpetersmu@elpais.com,Female,24.49.92.89
824,Nicole,Parker,nparkermv@vk.com,Female,85.101.68.47
825,Stephanie,Kim,skimmw@squarespace.com,Female,242.67.28.93
826,Joyce,Mason,jmasonmx@reference.com,Female,128.127.59.120
827,Gerald,Jenkins,gjenkinsmy@surveymonkey.com,Male,70.105.172.32
828,Jacqueline,Watkins,jwatkinsmz@elpais.com,Female,83.208.75.76
829,Anthony,Vasquez,avasquezn0@nytimes.com,Male,186.63.111.173
830,Gerald,Bishop,gbishopn1@examiner.com,Male,78.245.245.18
831,Betty,Lopez,blopezn2@goo.gl,Female,177.9.251.37
832,Brandon,King,bkingn3@telegraph.co.uk,Male,39.171.214.128
833,Janet,Perkins,jperkinsn4@harvard.edu,Female,203.13.158.84
834,Irene,Kim,ikimn5@opensource.org,Female,33.85.126.9
835,Melissa,Carroll,mcarrolln6@ft.com,Female,3.0.25.240
836,Teresa,Carter,tcartern7@businesswire.com,Female,248.68.156.61
837,Walter,Foster,wfostern8@infoseek.co.jp,Male,186.117.3.74
838,Dennis,Stewart,dstewartn9@harvard.edu,Male,129.165.81.129
839,Irene,Hunter,ihunterna@yelp.com,Female,33.195.177.174
840,Ryan,Stewart,rstewartnb@studiopress.com,Male,216.82.6.103
841,Aaron,Stanley,astanleync@jimdo.com,Male,83.218.253.220
842,Bonnie,Hansen,bhansennd@yelp.com,Female,44.96.117.89
843,Christopher,Flores,cfloresne@squidoo.com,Male,124.30.138.166
844,Lisa,Dean,ldeannf@ameblo.jp,Female,230.173.107.18
845,Jean,Hernandez,jhernandezng@globo.com,Female,34.171.64.186
846,Andrea,Stanley,astanleynh@discovery.com,Female,194.188.189.214
847,Carolyn,Weaver,cweaverni@mtv.com,Female,35.12.61.6
848,Ronald,Payne,rpaynenj@noaa.gov,Male,232.113.18.158
849,Jacqueline,Castillo,jcastillonk@topsy.com,Female,141.203.88.207
850,Howard,Baker,hbakernl@cisco.com,Male,46.235.7.26
851,Margaret,Holmes,mholmesnm@blogger.com,Female,196.125.221.120
852,Ann,Patterson,apattersonnn@sphinn.com,Female,161.238.155.138
853,Kathleen,Alvarez,kalvarezno@com.com,Female,168.196.46.20
854,Katherine,Wilson,kwilsonnp@sciencedaily.com,Female,198.254.125.51
855,Pamela,Washington,pwashingtonnq@nationalgeographic.com,Female,151.88.65.113
856,Henry,Willis,hwillisnr@paypal.com,Male,211.176.47.182
857,Patrick,Gomez,pgomezns@kickstarter.com,Male,81.106.31.134
858,Laura,Lane,llanent@prlog.org,Female,243.251.80.26
859,Joseph,Rice,jricenu@irs.gov,Male,57.203.93.205
860,Fred,Robinson,frobinsonnv@newyorker.com,Male,251.202.35.124
861,Kenneth,Hanson,khansonnw@free.fr,Male,226.115.221.114
862,Christina,Austin,caustinnx@cyberchimps.com,Female,20.195.174.21
863,Carl,Nguyen,cnguyenny@psu.edu,Male,59.244.20.117
864,Timothy,Austin,taustinnz@economist.com,Male,96.29.149.145
865,Louis,Harris,lharriso0@census.gov,Male,236.109.62.198
866,Justin,George,jgeorgeo1@columbia.edu,Male,236.118.121.32
867,Alan,Schmidt,aschmidto2@gravatar.com,Male,132.87.113.111
868,Nicholas,Stephens,nstephenso3@nhs.uk,Male,136.43.239.9
869,Sarah,Evans,sevanso4@mit.edu,Female,142.136.185.64
870,Sarah,Griffin,sgriffino5@seattletimes.com,Female,137.105.250.255
871,Bruce,Fernandez,bfernandezo6@nifty.com,Male,44.219.100.85
872,Charles,Collins,ccollinso7@yale.edu,Male,84.238.167.231
873,Larry,Hart,lharto8@adobe.com,Male,93.177.73.29
874,Bonnie,Wilson,bwilsono9@friendfeed.com,Female,227.209.63.144
875,Stephen,Bowman,sbowmanoa@pinterest.com,Male,43.225.240.204
876,Jonathan,Harper,jharperob@theguardian.com,Male,85.159.250.111
877,David,Harris,dharrisoc@house.gov,Male,248.122.79.203
878,Albert,Ross,arossod@europa.eu,Male,207.155.21.242
879,Todd,Cox,tcoxoe@scientificamerican.com,Male,115.121.89.211
880,Harold,Oliver,holiverof@nba.com,Male,46.80.27.183
881,Ruth,Williams,rwilliamsog@imageshack.us,Female,51.137.168.202
882,Paul,Bradley,pbradleyoh@wordpress.com,Male,171.98.138.78
883,Jacqueline,Shaw,jshawoi@liveinternet.ru,Female,147.111.35.51
884,Kevin,Simmons,ksimmonsoj@bloglines.com,Male,154.49.241.38
885,Christopher,Hawkins,chawkinsok@cyberchimps.com,Male,166.83.9.21
886,Christina,Williams,cwilliamsol@moonfruit.com,Female,163.194.5.25
887,Joe,Gilbert,jgilbertom@rakuten.co.jp,Male,133.18.189.120
888,Kathleen,Nichols,knicholson@mozilla.com,Female,197.160.95.218
889,Kevin,Baker,kbakeroo@dyndns.org,Male,251.87.123.69
890,Joyce,Hunter,jhunterop@seattletimes.com,Female,205.1.254.22
891,Howard,Murray,hmurrayoq@va.gov,Male,185.155.119.192
892,Marie,Burton,mburtonor@weebly.com,Female,251.35.235.175
893,Rebecca,King,rkingos@weather.com,Female,32.41.113.205
894,Andrew,Gutierrez,agutierrezot@mozilla.org,Male,42.87.188.229
895,Julia,Campbell,jcampbellou@independent.co.uk,Female,207.36.173.154
896,Betty,Gardner,bgardnerov@psu.edu,Female,77.51.246.243
897,Jerry,Alexander,jalexanderow@yahoo.com,Male,195.110.77.60
898,Mary,Day,mdayox@wordpress.org,Female,94.77.119.20
899,Bonnie,Harvey,bharveyoy@phoca.cz,Female,201.56.0.221
900,Mildred,Jordan,mjordanoz@fda.gov,Female,142.132.136.238
901,Margaret,Cook,mcookp0@narod.ru,Female,60.83.7.45
902,Mary,Jackson,mjacksonp1@histats.com,Female,60.88.118.92
903,Randy,Crawford,rcrawfordp2@nasa.gov,Male,131.33.24.106
904,Joshua,Smith,jsmithp3@google.es,Male,5.37.49.195
905,Julia,Frazier,jfrazierp4@prlog.org,Female,138.195.86.60
906,Gregory,Franklin,gfranklinp5@bing.com,Male,88.216.182.141
907,Phyllis,Garza,pgarzap6@va.gov,Female,113.248.254.239
908,Emily,Day,edayp7@joomla.org,Female,44.65.140.228
909,Bruce,Phillips,bphillipsp8@booking.com,Male,198.253.155.180
910,Marilyn,Moore,mmoorep9@odnoklassniki.ru,Female,37.142.234.154
911,Carol,Jones,cjonespa@imgur.com,Female,113.14.32.32
912,Beverly,Mendoza,bmendozapb@gizmodo.com,Female,77.199.152.67
913,Steven,Hunt,shuntpc@tinyurl.com,Male,218.112.114.122
914,Carolyn,Nelson,cnelsonpd@icq.com,Female,65.62.82.249
915,Jean,Gomez,jgomezpe@soup.io,Female,120.51.175.215
916,Samuel,Mason,smasonpf@ucsd.edu,Male,2.231.206.218
917,Susan,Marshall,smarshallpg@cocolog-nifty.com,Female,34.9.152.42
918,Benjamin,Evans,bevansph@intel.com,Male,89.174.237.139
919,Heather,Alvarez,halvarezpi@examiner.com,Female,117.6.181.215
920,Jean,Mccoy,jmccoypj@si.edu,Female,125.210.16.106
921,Edward,Fields,efieldspk@devhub.com,Male,186.193.101.249
922,Sandra,Alexander,salexanderpl@google.ru,Female,151.171.90.17
923,Edward,Jackson,ejacksonpm@cisco.com,Male,250.124.32.86
924,Catherine,Bishop,cbishoppn@fda.gov,Female,46.19.124.163
925,Roy,Thomas,rthomaspo@networksolutions.com,Male,40.222.199.6
926,Antonio,Warren,awarrenpp@booking.com,Male,201.48.203.231
927,Anthony,Larson,alarsonpq@taobao.com,Male,143.145.179.83
928,Jeffrey,Hunter,jhunterpr@state.gov,Male,176.153.207.222
929,Ralph,Burke,rburkeps@facebook.com,Male,151.220.227.5
930,Jeremy,Dixon,jdixonpt@rakuten.co.jp,Male,27.15.196.72
931,Janice,Hernandez,jhernandezpu@youtube.com,Female,64.35.136.115
932,Anna,Stephens,astephenspv@cbsnews.com,Female,182.196.64.97
933,Amanda,Peterson,apetersonpw@tiny.cc,Female,0.86.116.216
934,William,Chavez,wchavezpx@github.com,Male,112.100.110.136
935,Donna,Flores,dflorespy@ebay.com,Female,70.135.174.208
936,Robert,Williamson,rwilliamsonpz@cnbc.com,Male,124.63.52.216
937,Denise,Carroll,dcarrollq0@mozilla.org,Female,80.165.152.100
938,Bonnie,Porter,bporterq1@google.fr,Female,192.202.36.165
939,Jerry,Greene,jgreeneq2@ow.ly,Male,62.248.143.168
940,Kathleen,Johnson,kjohnsonq3@tamu.edu,Female,226.244.146.241
941,Lois,Rose,lroseq4@businessinsider.com,Female,88.166.134.28
942,Wayne,Greene,wgreeneq5@cbsnews.com,Male,59.248.61.198
943,Patrick,Perry,pperryq6@reference.com,Male,186.196.93.82
944,Craig,Hawkins,chawkinsq7@mapy.cz,Male,106.10.145.129
945,Bonnie,Thompson,bthompsonq8@about.com,Female,5.6.191.226
946,Gregory,Knight,gknightq9@geocities.jp,Male,154.127.112.206
947,Diana,Gibson,dgibsonqa@blogs.com,Female,24.77.6.92
948,Helen,Taylor,htaylorqb@cafepress.com,Female,211.169.187.10
949,Earl,Green,egreenqc@gizmodo.com,Male,205.147.80.52
950,Janice,Wagner,jwagnerqd@sakura.ne.jp,Female,227.24.168.203
951,Deborah,Peters,dpetersqe@constantcontact.com,Female,207.211.203.141
952,Phillip,Elliott,pelliottqf@de.vu,Male,61.15.74.23
953,Harold,Hamilton,hhamiltonqg@salon.com,Male,122.0.189.53
954,Anna,Ward,awardqh@acquirethisname.com,Female,33.42.219.239
955,Carol,Riley,crileyqi@unesco.org,Female,22.31.73.191
956,Elizabeth,Freeman,efreemanqj@example.com,Female,249.254.116.29
957,Frances,Medina,fmedinaqk@mozilla.com,Female,114.148.140.170
958,Albert,Marshall,amarshallql@infoseek.co.jp,Male,139.246.103.217
959,Deborah,Bowman,dbowmanqm@livejournal.com,Female,66.3.138.228
960,Arthur,Crawford,acrawfordqn@angelfire.com,Male,142.25.184.59
961,Ralph,Hart,rhartqo@weebly.com,Male,177.156.27.0
962,Todd,Rogers,trogersqp@mac.com,Male,114.36.187.49
963,Willie,Ross,wrossqq@baidu.com,Male,8.240.65.191
964,Pamela,Peterson,ppetersonqr@tamu.edu,Female,22.243.59.87
965,Joshua,Hill,jhillqs@shop-pro.jp,Male,235.136.128.59
966,Eric,Brown,ebrownqt@adobe.com,Male,135.8.218.196
967,William,Johnston,wjohnstonqu@blog.com,Male,74.132.15.152
968,Ruby,Frazier,rfrazierqv@imdb.com,Female,180.20.250.142
969,Chris,Roberts,crobertsqw@boston.com,Male,198.212.24.239
970,Jennifer,Duncan,jduncanqx@exblog.jp,Female,200.234.137.223
971,Marie,Rogers,mrogersqy@oakley.com,Female,21.24.92.236
972,Kathleen,Ryan,kryanqz@sphinn.com,Female,142.64.29.146
973,Jane,Freeman,jfreemanr0@illinois.edu,Female,163.205.172.112
974,Harry,Barnes,hbarnesr1@vinaora.com,Male,22.155.153.158
975,Clarence,Spencer,cspencerr2@51.la,Male,31.129.232.36
976,Chris,Olson,colsonr3@cloudflare.com,Male,12.142.175.166
977,Diane,Sanchez,dsanchezr4@opera.com,Female,191.98.127.11
978,Roy,Howell,rhowellr5@nyu.edu,Male,142.180.202.62
979,Karen,Carr,kcarrr6@cafepress.com,Female,32.189.165.25
980,Eric,Snyder,esnyderr7@cmu.edu,Male,47.16.232.230
981,Adam,Jacobs,ajacobsr8@samsung.com,Male,199.41.3.248
982,Virginia,Bell,vbellr9@yahoo.co.jp,Female,236.98.72.165
983,Harold,Hall,hhallra@walmart.com,Male,124.248.94.244
984,Andrea,Perry,aperryrb@mapy.cz,Female,222.201.132.27
985,Diane,Allen,dallenrc@youtu.be,Female,13.152.81.170
986,Jeffrey,Medina,jmedinard@unc.edu,Male,222.139.105.196
987,Alice,Griffin,agriffinre@php.net,Female,148.112.46.183
988,Jeffrey,Hamilton,jhamiltonrf@quantcast.com,Male,165.165.187.58
989,Carol,Andrews,candrewsrg@phpbb.com,Female,117.212.212.193
990,Fred,Lewis,flewisrh@boston.com,Male,168.141.141.189
991,Norma,Burns,nburnsri@archive.org,Female,89.47.187.138
992,Susan,Perkins,sperkinsrj@simplemachines.org,Female,44.153.141.17
993,Ruth,Shaw,rshawrk@senate.gov,Female,173.232.167.151
994,Jimmy,Jordan,jjordanrl@rakuten.co.jp,Male,104.254.163.113
995,Kimberly,Simmons,ksimmonsrm@dropbox.com,Female,106.33.104.173
996,Brian,Gordon,bgordonrn@zimbio.com,Male,195.113.35.118
997,Justin,Hall,jhallro@privacy.gov.au,Male,157.2.98.226
998,Louis,Patterson,lpattersonrp@spotify.com,Male,150.98.19.197
999,Joyce,Jacobs,jjacobsrq@feedburner.com,Female,138.190.24.230
1000,Joyce,Bell,jbellrr@cnn.com,Female,209.120.212.130
